{
    "Version": "2012-10-17",
    "Statement": [
        {
            "Effect": "Allow",
            "Action": [
                "logs:CreateLogGroup",
                "logs:CreateLogStream",
                "logs:PutLogEvents"
            ],
            "Resource": "arn:aws:logs:*:*:*"
        },
        {
            "Effect": "Allow",
            "Action": [
                "dynamodb:GetItem",
                "dynamodb:Query",
                "dynamodb:Scan"
            ],
            "Resource": [
                "arn:aws:dynamodb:*:*:table/applications*",
                "arn:aws:dynamodb:*:*:table/app_details*"
            ]
        },
        {
            "Effect": "Allow",
            "Action": [
                "ssm:GetParameter",
                "ssm:GetParameters",
                "ssm:GetParametersByPath"
            ],
            "Resource": [
                "arn:aws:ssm:*:*:parameter/applications/*",
                "arn:aws:ssm:*:*:parameter/app-config/*"
            ]
        },
        {
            "Effect": "Allow",
            "Action": [
                "s3:GetObject"
            ],
            "Resource": [
                "arn:aws:s3:::your-config-bucket/applications/*"
            ]
        }
    ]
}